controller,scenario,episodes,falls,detection_rate,median_detection_delay_s,missed_fallbacks
naive,accel_noise_fault,10,0,0,,0
naive,battery_droop,10,0,0,,0
naive,gyro_bias_fault,10,0,0,,0
naive,nominal,10,0,,,0
naive,payload_shift,10,5,0,,5
naive,push,10,0,0,,0
naive,surface_change,10,0,0,,0
nis_gate,accel_noise_fault,10,0,1,0.0275,0
nis_gate,battery_droop,10,0,1,0.005,0
nis_gate,gyro_bias_fault,10,0,1,0.005,0
nis_gate,nominal,10,0,,,0
nis_gate,payload_shift,10,0,1,0.2325,0
nis_gate,push,10,0,1,0,0
nis_gate,surface_change,10,0,0.8,1.313,0
tilt_threshold,accel_noise_fault,10,0,0,,0
tilt_threshold,battery_droop,10,0,0,,0
tilt_threshold,gyro_bias_fault,10,0,1,0.78,0
tilt_threshold,nominal,10,0,,,0
tilt_threshold,payload_shift,10,0,1,0.38,0
tilt_threshold,push,10,0,0,,0
tilt_threshold,surface_change,10,0,0.2,5.173,0
