index,tau1_level,tau2_level,N,T_dwell,tau1,tau2,feasible,fall_rate,false_fallback,progress,detection_rate,J
0,5,6,100,0.25,500,600,True,0,0,1,0.944444,0
1,6,6,100,0.25,600,600,False,,,,,
2,6.5,6,100,0.25,650,600,False,,,,,
3,7.5,6,100,0.25,750,600,False,,,,,
4,5,9,100,0.25,500,900,True,0,0,1,0.944444,0
5,6,9,100,0.25,600,900,True,0,0,1,0.833333,0
6,6.5,9,100,0.25,650,900,True,0,0,1,0.833333,0
7,7.5,9,100,0.25,750,900,True,0,0,1,0.833333,0
8,5,11,100,0.25,500,1100,True,0,0,1,0.944444,0
9,6,11,100,0.25,600,1100,True,0,0,1,0.833333,0
10,6.5,11,100,0.25,650,1100,True,0,0,1,0.833333,0
11,7.5,11,100,0.25,750,1100,True,0,0,1,0.833333,0
12,5,14,100,0.25,500,1400,True,0,0,1,0.944444,0
13,6,14,100,0.25,600,1400,True,0,0,1,0.833333,0
14,6.5,14,100,0.25,650,1400,True,0,0,1,0.833333,0
15,7.5,14,100,0.25,750,1400,True,0,0,1,0.833333,0
16,5,6,200,0.25,1000,1200,True,0,0,1,0.833333,0
17,6,6,200,0.25,1200,1200,False,,,,,
18,6.5,6,200,0.25,1300,1200,False,,,,,
19,7.5,6,200,0.25,1500,1200,False,,,,,
20,5,9,200,0.25,1000,1800,True,0,0,1,0.833333,0
21,6,9,200,0.25,1200,1800,True,0,0,1,0.833333,0
22,6.5,9,200,0.25,1300,1800,True,0,0,1,0.722222,0
23,7.5,9,200,0.25,1500,1800,True,0,0,1,0.722222,0
24,5,11,200,0.25,1000,2200,True,0,0,1,0.833333,0
25,6,11,200,0.25,1200,2200,True,0,0,1,0.833333,0
26,6.5,11,200,0.25,1300,2200,True,0,0,1,0.722222,0
27,7.5,11,200,0.25,1500,2200,True,0,0,1,0.722222,0
28,5,14,200,0.25,1000,2800,True,0,0,1,0.833333,0
29,6,14,200,0.25,1200,2800,True,0,0,1,0.833333,0
30,6.5,14,200,0.25,1300,2800,True,0,0,1,0.722222,0
31,7.5,14,200,0.25,1500,2800,True,0,0,1,0.722222,0
32,5,6,100,0.5,500,600,True,0,0,1,0.944444,0
33,6,6,100,0.5,600,600,False,,,,,
34,6.5,6,100,0.5,650,600,False,,,,,
35,7.5,6,100,0.5,750,600,False,,,,,
36,5,9,100,0.5,500,900,True,0,0,1,0.944444,0
37,6,9,100,0.5,600,900,True,0,0,1,0.833333,0
38,6.5,9,100,0.5,650,900,True,0,0,1,0.833333,0
39,7.5,9,100,0.5,750,900,True,0,0,1,0.833333,0
40,5,11,100,0.5,500,1100,True,0,0,1,0.944444,0
41,6,11,100,0.5,600,1100,True,0,0,1,0.833333,0
42,6.5,11,100,0.5,650,1100,True,0,0,1,0.833333,0
43,7.5,11,100,0.5,750,1100,True,0,0,1,0.833333,0
44,5,14,100,0.5,500,1400,True,0,0,1,0.944444,0
45,6,14,100,0.5,600,1400,True,0,0,1,0.833333,0
46,6.5,14,100,0.5,650,1400,True,0,0,1,0.833333,0
47,7.5,14,100,0.5,750,1400,True,0,0,1,0.833333,0
48,5,6,200,0.5,1000,1200,True,0,0,1,0.833333,0
49,6,6,200,0.5,1200,1200,False,,,,,
50,6.5,6,200,0.5,1300,1200,False,,,,,
51,7.5,6,200,0.5,1500,1200,False,,,,,
52,5,9,200,0.5,1000,1800,True,0,0,1,0.833333,0
53,6,9,200,0.5,1200,1800,True,0,0,1,0.833333,0
54,6.5,9,200,0.5,1300,1800,True,0,0,1,0.722222,0
55,7.5,9,200,0.5,1500,1800,True,0,0,1,0.722222,0
56,5,11,200,0.5,1000,2200,True,0,0,1,0.833333,0
57,6,11,200,0.5,1200,2200,True,0,0,1,0.833333,0
58,6.5,11,200,0.5,1300,2200,True,0,0,1,0.722222,0
59,7.5,11,200,0.5,1500,2200,True,0,0,1,0.722222,0
60,5,14,200,0.5,1000,2800,True,0,0,1,0.833333,0
61,6,14,200,0.5,1200,2800,True,0,0,1,0.833333,0
62,6.5,14,200,0.5,1300,2800,True,0,0,1,0.722222,0
63,7.5,14,200,0.5,1500,2800,True,0,0,1,0.722222,0
